doc,field,gt,answer,len_diff,p_rt,p_tsort_rt,p_tset_rt,tsort_rt,tset_rt,origin,label
29A INTERNATIONAL BUSINESS PARK.pdf,Invoice Number,201820010452,201820010452,0,100,100,100,100,100,Ezzybills,EM
29A INTERNATIONAL BUSINESS PARK.pdf,Total Amount,137.17,128.20,0,33,33,33,33,33,Ezzybills,Wrong
29A INTERNATIONAL BUSINESS PARK.pdf,Invoice Date,15-Apr-2018,2018 04 15,1,57,70,100,67,82,Ezzybills,EM
29A INTERNATIONAL BUSINESS PARK.pdf,Due date,['15-May-2018'],2018 04 15,5,50,70,100,67,82,Ezzybills,Wrong
29A INTERNATIONAL BUSINESS PARK.pdf,Invoice From,Digital Singapore Jurong East Pte Ltd,unknown_contact,22,33,33,33,12,12,Ezzybills,Wrong
31 GUL LANE.pdf,Invoice Number,DNI 1643,particulars,3,0,12,12,11,11,Ezzybills,Wrong
31 GUL LANE.pdf,Total Amount,"4,943.40",4943.40,1,86,92,100,80,93,Ezzybills,EM
31 GUL LANE.pdf,Invoice Date,5-Mar-18,2018 03 05,2,25,40,40,22,22,Ezzybills,EM
31 GUL LANE.pdf,Due date,['NA'],2020 01 03,4,0,0,0,0,0,Ezzybills,Wrong
31 GUL LANE.pdf,Invoice From,dormakaba Singapore Pte Ltd,na,25,50,50,50,7,7,Ezzybills,NA
37 TUAS ROAD.pdf,Invoice Number,150545,150545,0,100,100,100,100,100,Ezzybills,EM
37 TUAS ROAD.pdf,Total Amount,"3,745.00",3745.00,1,86,86,100,93,93,Ezzybills,EM
37 TUAS ROAD.pdf,Invoice Date,01-APR-18,2018 04 01,1,33,44,100,53,53,Ezzybills,EM
37 TUAS ROAD.pdf,Due date,['NA'],2018 04 01,4,0,0,0,0,0,Ezzybills,Wrong
37 TUAS ROAD.pdf,Invoice From,OCEAN TANKERS,unknown_contact,2,0,42,42,36,36,Ezzybills,Wrong
43 KEPPEL ROAD.pdf,Invoice Number,IN220000081,in220000081,0,82,100,100,100,100,Ezzybills,EM
43 KEPPEL ROAD.pdf,Total Amount,509.36,509.36,0,100,100,100,100,100,Ezzybills,EM
43 KEPPEL ROAD.pdf,Invoice Date,28/02/2018,2018 02 28,0,40,100,100,100,100,Ezzybills,EM
43 KEPPEL ROAD.pdf,Due date,['28/02/2018'],2018 02 28,4,50,100,100,100,100,Ezzybills,EM
43 KEPPEL ROAD.pdf,Invoice From,LHN Space Resources Pte Ltd,unknown_contact,12,27,31,31,19,19,Ezzybills,Wrong
6 TUAS BAY WALK.pdf,Invoice Number,INV/1804-0027,inv/1804-0027,0,77,100,100,100,100,Ezzybills,EM
6 TUAS BAY WALK.pdf,Total Amount,698.69,698.69,0,100,100,100,100,100,Ezzybills,EM
6 TUAS BAY WALK.pdf,Invoice Date,20. April 2018,2018 04 20,4,57,70,100,61,82,Ezzybills,EM
6 TUAS BAY WALK.pdf,Due date,['NA'],2018 04 20,4,0,0,0,0,0,Ezzybills,Wrong
6 TUAS BAY WALK.pdf,Invoice From,Ideal Distribution Pte Ltd,unknown_contact,11,36,27,27,24,24,Ezzybills,Wrong
66A SUNGEI KADUT ST 1.pdf,Invoice Number,SIV18-01555,siv18-01555 from,5,73,55,100,81,100,Ezzybills,PM
66A SUNGEI KADUT ST 1.pdf,Total Amount,"4,708.00",4708.00,1,86,86,100,93,93,Ezzybills,EM
66A SUNGEI KADUT ST 1.pdf,Invoice Date,03.04.2018,2020 01 03,0,33,59,100,50,70,Ezzybills,Wrong
66A SUNGEI KADUT ST 1.pdf,Due date,['7 Days'],2020-01-03,0,0,17,17,12,12,Ezzybills,Wrong
66A SUNGEI KADUT ST 1.pdf,Invoice From,Sika Singapore Pte Ltd,unknown_contact,7,27,18,18,11,11,Ezzybills,Wrong
78 SHENTON WAY.pdf,Invoice Number,CETI201700724,01/10/2017,3,40,40,40,35,35,Ezzybills,Wrong
78 SHENTON WAY.pdf,Total Amount,327.18,327.18,0,100,100,100,100,100,Ezzybills,EM
78 SHENTON WAY.pdf,Invoice Date,10 Nov 2017,2017 11 10,1,57,70,100,67,82,Ezzybills,EM
78 SHENTON WAY.pdf,Due date,['24 Nov 2017'],2017 11 24,5,50,70,100,67,82,Ezzybills,EM
78 SHENTON WAY.pdf,Invoice From,Charis Electric Pte Ltd,unknown_contact,8,20,27,27,21,21,Ezzybills,Wrong
BALLOTA PARK.pdf,Invoice Number,,01/04/2018,10,0,0,0,0,0,Ezzybills,Wrong
BALLOTA PARK.pdf,Total Amount,"1,605.00",1605.00,1,86,86,100,93,93,Ezzybills,EM
BALLOTA PARK.pdf,Invoice Date,01/04/2018,2020 01 03,0,40,70,100,70,70,Ezzybills,Wrong
BALLOTA PARK.pdf,Due date,['30 days'],2018-02-01,1,11,29,29,24,24,Ezzybills,Wrong
BALLOTA PARK.pdf,Invoice From,MCST PLAN NO. 2635,na,16,0,50,50,21,21,Ezzybills,NA
GARDENS BY THE BAY.pdf,Invoice Number,181000059,181000059,0,100,100,100,100,100,Ezzybills,EM
GARDENS BY THE BAY.pdf,Total Amount,"1,615.90",1615.90,1,86,86,100,93,93,Ezzybills,EM
GARDENS BY THE BAY.pdf,Invoice Date,09.04.2018,2018 04 09,0,40,100,100,100,100,Ezzybills,EM
GARDENS BY THE BAY.pdf,Due date,['16.04.2018'],2020 01 03,4,38,50,50,50,50,Ezzybills,Wrong
GARDENS BY THE BAY.pdf,Invoice From,Gardens by the bay,unknown_contact,3,21,18,18,12,12,Ezzybills,Wrong
GERMAN CENTRE.pdf,Invoice Number,PD2018030684,pd2018030684,0,83,100,100,100,100,Ezzybills,EM
GERMAN CENTRE.pdf,Total Amount,"2,675.00",103.18,2,22,33,33,29,29,Ezzybills,Wrong
GERMAN CENTRE.pdf,Invoice Date,01.03.2018,2018 03 01,0,40,100,100,100,100,Ezzybills,EM
GERMAN CENTRE.pdf,Due date,['01.03.2018'],2018 03 01,4,50,100,100,100,100,Ezzybills,Wrong
GERMAN CENTRE.pdf,Invoice From,German Centre for Industry Trade Pte Ltd,unknown_contact,25,27,20,20,18,18,Ezzybills,Wrong
GOLDHILL TOWERS.pdf,Invoice Number,,65 62512028,11,0,0,0,0,0,Ezzybills,Wrong
GOLDHILL TOWERS.pdf,Total Amount,0,0.00,3,100,100,100,40,100,Ezzybills,EM
GOLDHILL TOWERS.pdf,Invoice Date,01/04/2018,2018 03 13,0,40,70,100,70,70,Ezzybills,Wrong
GOLDHILL TOWERS.pdf,Due date,[30/04/2018],2020 01 03,2,40,59,59,50,50,Ezzybills,Wrong
GOLDHILL TOWERS.pdf,Invoice From,THE MANAGEMENT CORPORATION S.T. PLAN NO. 025,na,42,0,100,100,9,9,Ezzybills,NA
GRAMERCY PARK.pdf,Invoice Number,,remittance advice,17,0,0,0,0,0,Ezzybills,Wrong
GRAMERCY PARK.pdf,Total Amount,102.83,102.83,0,100,100,100,100,100,Ezzybills,EM
GRAMERCY PARK.pdf,Invoice Date,01/01/2018,2018 01 01,0,40,100,100,100,100,Ezzybills,EM
GRAMERCY PARK.pdf,Due date,['30 days'],2020-01-03,1,11,31,31,24,24,Ezzybills,Wrong
GRAMERCY PARK.pdf,Invoice From,THE MANAGEMENT CORPORATION STRATA TITLE PLAN NO. 4454,na,51,0,100,100,7,7,Ezzybills,NA
GREAT WORLD CITY.pdf,Invoice Number,GWR/IV/1712/0210,gwr/iv/1712/0210,0,69,100,100,100,100,Ezzybills,EM
GREAT WORLD CITY.pdf,Total Amount,1.07,1.07,0,100,100,100,100,100,Ezzybills,EM
GREAT WORLD CITY.pdf,Invoice Date,14 12 2017,2017 12 14,0,67,100,100,100,100,Ezzybills,EM
GREAT WORLD CITY.pdf,Due date,['14 12 2017'],2017 12 14,4,50,100,100,100,100,Ezzybills,EM
GREAT WORLD CITY.pdf,Invoice From,GWC Commercial Pte. Ltd.,unknown_contact,9,20,27,27,22,22,Ezzybills,Wrong
HOTEL BOSS.pdf,Invoice Number,20011368,20011368,0,100,100,100,100,100,Ezzybills,EM
HOTEL BOSS.pdf,Total Amount,331.39,331.39,0,100,100,100,100,100,Ezzybills,EM
HOTEL BOSS.pdf,Invoice Date,19-Mar-18 ,2018 03 19,0,30,44,100,42,53,Ezzybills,EM
HOTEL BOSS.pdf,Due date,['09-Apr-18'],2018 04 09,3,30,62,100,53,53,Ezzybills,EM
HOTEL BOSS.pdf,Invoice From, Switch Pte Ltd,unknown_contact,0,32,21,21,14,14,Ezzybills,Wrong
ITE COLLEGE WEST.pdf,Invoice Number,1353,1353,0,100,100,100,100,100,Ezzybills,EM
ITE COLLEGE WEST.pdf,Total Amount,$414.95,414.95,1,100,100,100,100,100,Ezzybills,EM
ITE COLLEGE WEST.pdf,Invoice Date,5-Apr-2018,2018 04 05,0,40,57,100,40,60,Ezzybills,EM
ITE COLLEGE WEST.pdf,Due date,['19-Apr-2018'],2020 01 03,5,38,40,40,38,38,Ezzybills,Wrong
ITE COLLEGE WEST.pdf,Invoice From,C W Services S Pte Ltd - ITE College West,unknown_contact,26,15,20,20,15,15,Ezzybills,Wrong
KEMBANGAN PLAZA.pdf,Invoice Number,,description,11,0,0,0,0,0,Ezzybills,Wrong
KEMBANGAN PLAZA.pdf,Total Amount,"12,000.00",12000.00,1,88,77,100,59,59,Ezzybills,EM
KEMBANGAN PLAZA.pdf,Invoice Date,"April 1, 2018",2018 04 01,3,57,60,100,55,64,Ezzybills,EM
KEMBANGAN PLAZA.pdf,Due date,['30 days'],2018-04-01,1,11,29,29,24,24,Ezzybills,Wrong
KEMBANGAN PLAZA.pdf,Invoice From,MCST 1936,na,7,0,0,0,0,0,Ezzybills,NA
NAFA CAMPUS 1.pdf,Invoice Number,IN000843992,in000843992,0,82,100,100,100,100,Ezzybills,EM
NAFA CAMPUS 1.pdf,Total Amount,360.35,360.35,0,100,100,100,100,100,Ezzybills,EM
NAFA CAMPUS 1.pdf,Invoice Date,11 Apr 2018,2018 04 11,1,57,70,100,67,82,Ezzybills,EM
NAFA CAMPUS 1.pdf,Due date,['23 Apr 2018'],2018 04 23,5,50,70,100,67,82,Ezzybills,EM
NAFA CAMPUS 1.pdf,Invoice From,Senoko Energy Supply Pte Ltd,unknown_contact,13,20,21,21,19,19,Ezzybills,Wrong
NATIONAL MUSEUM OF SINGAPORE.pdf,Invoice Number,2018-0000026686,0000026686,5,100,100,100,80,100,Ezzybills,PM
NATIONAL MUSEUM OF SINGAPORE.pdf,Total Amount,183.32,183.32,0,100,100,100,100,100,Ezzybills,EM
NATIONAL MUSEUM OF SINGAPORE.pdf,Invoice Date,12.04.2018,2018 04 12,0,40,100,100,100,100,Ezzybills,EM
NATIONAL MUSEUM OF SINGAPORE.pdf,Due date,['12.04.2018'],2018 04 12,4,50,100,100,100,100,Ezzybills,Wrong
NATIONAL MUSEUM OF SINGAPORE.pdf,Invoice From,National Heritage Board,na,21,100,100,100,16,16,Ezzybills,NA
NGEE ANN POLYTECHNIC.pdf,Invoice Number,V1800061,iv1800061,1,88,100,100,94,94,Ezzybills,EM
NGEE ANN POLYTECHNIC.pdf,Total Amount,"1,070.00",1070.00,1,86,86,100,80,80,Ezzybills,EM
NGEE ANN POLYTECHNIC.pdf,Invoice Date,01/05/2018,2018 05 01,0,40,100,100,100,100,Ezzybills,Wrong
NGEE ANN POLYTECHNIC.pdf,Due date,['01/05/2018'],2018 05 01,4,50,100,100,100,100,Ezzybills,Wrong
NGEE ANN POLYTECHNIC.pdf,Invoice From,Ngee Ann Polytechnic,unknown_contact,5,34,27,27,11,11,Ezzybills,Wrong
NORTH LINK BUILDING.pdf,Invoice Number,060905,060905,0,100,100,100,100,100,Ezzybills,EM
NORTH LINK BUILDING.pdf,Total Amount,107,107.00,3,100,100,100,67,100,Ezzybills,EM
NORTH LINK BUILDING.pdf,Invoice Date,01.03.18,2018 03 01,2,50,75,100,89,89,Ezzybills,Wrong
NORTH LINK BUILDING.pdf,Due date,['NA'],2020 01 03,4,0,0,0,0,0,Ezzybills,Wrong
NORTH LINK BUILDING.pdf,Invoice From,THE MANAGEMENT CORPORATION STRATA TITLE PLAN NO. 2757,unknown_contact,38,0,40,40,18,18,Ezzybills,Wrong
NOVENA SQUARE.pdf,Invoice Number,4000178335,4000178335,0,100,100,100,100,100,Ezzybills,EM
NOVENA SQUARE.pdf,Total Amount,848.49,848.49,0,100,100,100,100,100,Ezzybills,EM
NOVENA SQUARE.pdf,Invoice Date,13 Apr 2018,2018 04 13,1,57,70,100,67,82,Ezzybills,EM
NOVENA SQUARE.pdf,Due date,['27 Apr 2018'],2018 04 13,5,50,40,100,38,57,Ezzybills,Wrong
NOVENA SQUARE.pdf,Invoice From,THE MANAGEMENT CORPORATION STRATA TITLE PLAN NO. 4298,na,51,0,100,100,7,7,Ezzybills,NA
OCBC CENTRE SOUTH.pdf,Invoice Number,1050010839,1050010839,0,100,100,100,100,100,Ezzybills,EM
OCBC CENTRE SOUTH.pdf,Total Amount,"1,605.00",1605.00,1,86,86,100,93,93,Ezzybills,EM
OCBC CENTRE SOUTH.pdf,Invoice Date,01/04/2018,2018 04 01,0,40,100,100,100,100,Ezzybills,Wrong
OCBC CENTRE SOUTH.pdf,Due date,['NA'],2018 04 01,4,0,0,0,0,0,Ezzybills,Wrong
OCBC CENTRE SOUTH.pdf,Invoice From,OCBC SQUARE PRIVATE LIMITED,unknown_contact,12,0,21,21,14,14,Ezzybills,Wrong
ODEON TOWERS.pdf,Invoice Number,4000177943,4000177943,0,100,100,100,100,100,Ezzybills,EM
ODEON TOWERS.pdf,Total Amount,"9,022.81",9022.81,1,86,73,100,53,80,Ezzybills,EM
ODEON TOWERS.pdf,Invoice Date,31 Mar 2018,2018 03 31,1,57,70,100,67,82,Ezzybills,EM
ODEON TOWERS.pdf,Due date,['14 Apr 2018'],2018 04 14,5,50,70,100,67,82,Ezzybills,EM
ODEON TOWERS.pdf,Invoice From,UOL Group Limited,unknown_contact,2,16,19,19,12,12,Ezzybills,Wrong
OEI TIONG HAM PARK.pdf,Invoice Number,132,132,0,100,100,100,100,100,Ezzybills,EM
OEI TIONG HAM PARK.pdf,Total Amount,32.71,32.71,0,100,100,100,100,100,Ezzybills,EM
OEI TIONG HAM PARK.pdf,Invoice Date,2/1/2018,2018 01 02,2,50,88,100,89,89,Ezzybills,Wrong
OEI TIONG HAM PARK.pdf,Due date,['2/1/2018'],2018 01 02,2,50,88,100,89,89,Ezzybills,Wrong
OEI TIONG HAM PARK.pdf,Invoice From,MCST PLAN NO. 4129,na,16,0,50,50,21,21,Ezzybills,NA
OG BUILDING.pdf,Invoice Number,4000899479,4000899479,0,100,100,100,100,100,Ezzybills,EM
OG BUILDING.pdf,Total Amount,220.01,220.01,0,100,100,100,100,100,Ezzybills,EM
OG BUILDING.pdf,Invoice Date,06-04-2018,2018 04 06,0,40,100,100,100,100,Ezzybills,Wrong
OG BUILDING.pdf,Due date,['20-04-2018'],2018 04 20,4,50,100,100,100,100,Ezzybills,EM
OG BUILDING.pdf,Invoice From,Tuas Power Supply Pte Ltd,unknown_contact,10,20,21,21,20,20,Ezzybills,Wrong
OLD HILL STREET POLICE STATION.pdf,Invoice Number,1V/04420/FIN,iv/04420/fin,0,58,75,100,75,92,Ezzybills,PM
OLD HILL STREET POLICE STATION.pdf,Total Amount,1.07,1.00,0,75,75,100,75,75,Ezzybills,Wrong
OLD HILL STREET POLICE STATION.pdf,Invoice Date,16 Apr 2018,2018 04 16,1,57,70,100,67,82,Ezzybills,EM
OLD HILL STREET POLICE STATION.pdf,Due date,['30 Days'] ,2020-01-03,2,10,31,31,24,24,Ezzybills,Wrong
OLD HILL STREET POLICE STATION.pdf,Invoice From,Ministry of Communications and Information/ag,na,43,50,50,50,4,4,Ezzybills,NA
ONE FULLERTON.pdf,Invoice Number,PT18372,1-feb-2018,3,36,29,29,24,24,Ezzybills,Wrong
ONE FULLERTON.pdf,Total Amount,107.00,107.00,0,100,100,100,100,100,Ezzybills,EM
ONE FULLERTON.pdf,Invoice Date,1-Feb-2018,2018 02 01,0,40,63,100,60,70,Ezzybills,EM
ONE FULLERTON.pdf,Due date,['NA'],2020 01 03,4,0,0,0,0,0,Ezzybills,Wrong
ONE FULLERTON.pdf,Invoice From,PRECIOUS TREASURE PTE LTD,na,23,0,50,50,7,7,Ezzybills,NA
ONE RAFFLES QUAY.pdf,Invoice Number,00283609,00283609,0,100,100,100,100,100,Ezzybills,EM
ONE RAFFLES QUAY.pdf,Total Amount,666.57,666.57,0,100,100,100,100,100,Ezzybills,EM
ONE RAFFLES QUAY.pdf,Invoice Date,16 Apr 2018,2018 04 16,1,57,70,100,67,82,Ezzybills,EM
ONE RAFFLES QUAY.pdf,Due date,['30 Apr 2018'],2018 04 30,5,50,70,100,67,82,Ezzybills,EM
ONE RAFFLES QUAY.pdf,Invoice From,"Keppel Electric Pte Ltd,",unknown_contact,9,13,20,20,11,11,Ezzybills,Wrong
ONE TREE HILL MANSIONS.pdf,Invoice Number,KFPAM-1804-0037,kfpam-1804-0037,0,67,100,100,100,100,Ezzybills,EM
ONE TREE HILL MANSIONS.pdf,Total Amount,"1,098.89",1098.89,1,86,71,100,80,80,Ezzybills,EM
ONE TREE HILL MANSIONS.pdf,Invoice Date,16/4/2018,2018 04 16,1,44,88,100,74,95,Ezzybills,EM
ONE TREE HILL MANSIONS.pdf,Due date,['01/05/18'],2018 05 01,2,50,75,100,89,89,Ezzybills,Wrong
ONE TREE HILL MANSIONS.pdf,Invoice From,KNIGHT FRANK PAM-COL 3 TRUST ACCOUNT,unknown_contact,21,0,40,40,12,12,Ezzybills,Wrong
OUTWARD BOUND SINGAPORE.pdf,Invoice Number,NYC/17/082,nyc/17/002,0,60,90,100,90,90,Ezzybills,EM
OUTWARD BOUND SINGAPORE.pdf,Total Amount,909.5,909.50,1,100,80,100,91,91,Ezzybills,EM
OUTWARD BOUND SINGAPORE.pdf,Invoice Date,5/3/2018,2018 03 05,2,50,67,100,44,89,Ezzybills,Wrong
OUTWARD BOUND SINGAPORE.pdf,Due date,['30 Days'] ,2018-04-04,2,10,29,29,24,29,Ezzybills,Wrong
OUTWARD BOUND SINGAPORE.pdf,Invoice From,National Youth Council,na,20,100,100,100,17,17,Ezzybills,NA
SANDCRAWLER.pdf,Invoice Number,I-18011583,1-18011583,0,90,89,100,80,90,Ezzybills,PM
SANDCRAWLER.pdf,Total Amount,290.06,290.06,0,100,100,100,100,100,Ezzybills,EM
SANDCRAWLER.pdf,Invoice Date,09 Apr 2018,2018 04 09,1,57,70,100,67,82,Ezzybills,EM
SANDCRAWLER.pdf,Due date,['19 Apr 2018'],2018 04 19,5,50,70,100,67,82,Ezzybills,EM
SANDCRAWLER.pdf,Invoice From,PacificLight Energy Pte Ltd,unknown_contact,12,20,27,27,24,24,Ezzybills,Wrong
SATCC.pdf,Invoice Number,MM85-93588,caas,6,0,0,0,0,0,Ezzybills,Wrong
SATCC.pdf,Total Amount,184.79,184.79,0,100,100,100,100,100,Ezzybills,EM
SATCC.pdf,Invoice Date,18.04.2018,2018 03 02,0,40,70,100,70,70,Ezzybills,Wrong
SATCC.pdf,Due date,['14/05/2018'],2018 05 14,4,50,100,100,100,100,Ezzybills,EM
SATCC.pdf,Invoice From,Civil Aviation Authority of Singapore,unknown_contact,22,20,33,33,19,19,Ezzybills,Wrong
SEAVIEW POINT.pdf,Invoice Number,,singtel - seaview point,23,0,0,0,0,0,Ezzybills,Wrong
SEAVIEW POINT.pdf,Total Amount,0.00,0.00,0,100,100,100,100,100,Ezzybills,EM
SEAVIEW POINT.pdf,Invoice Date,1/4/2018,2018 04 01,2,50,71,100,67,89,Ezzybills,Wrong
SEAVIEW POINT.pdf,Due date,['14 days'],2018-02-28,1,10,33,33,24,24,Ezzybills,Wrong
SEAVIEW POINT.pdf,Invoice From,MCST 1903,na,7,0,0,0,0,0,Ezzybills,NA
SENOKO FISHERY PORT.pdf,Invoice Number,18/01/00096/749,18/01/00096/749,0,100,100,100,100,100,Ezzybills,EM
SENOKO FISHERY PORT.pdf,Total Amount,649.67,649.67,0,100,100,100,100,100,Ezzybills,EM
SENOKO FISHERY PORT.pdf,Invoice Date,16/01/18,2018 01 16,2,40,75,100,89,89,Ezzybills,EM
SENOKO FISHERY PORT.pdf,Due date,['15/02/18'],2018 02 15,2,38,75,100,89,89,Ezzybills,EM
SENOKO FISHERY PORT.pdf,Invoice From,CA Facilities Pte Ltd,unknown_contact,6,20,27,27,22,22,Ezzybills,Wrong
SINGAPORE HANDICRAFTS BUILDING.pdf,Invoice Number,IN330000058,in330000058,0,82,100,100,100,100,Ezzybills,EM
SINGAPORE HANDICRAFTS BUILDING.pdf,Total Amount,1.070,1070.00,2,80,75,75,50,50,Ezzybills,Wrong
SINGAPORE HANDICRAFTS BUILDING.pdf,Invoice Date,01/03/2018,2018 03 01,0,40,100,100,100,100,Ezzybills,Wrong
SINGAPORE HANDICRAFTS BUILDING.pdf,Due date,['01/03/2018'],2018 03 01,4,50,100,100,100,100,Ezzybills,Wrong
SINGAPORE HANDICRAFTS BUILDING.pdf,Invoice From,Singapore Handicrafts Pte Ltd,unknown_contact,14,27,27,27,14,14,Ezzybills,Wrong
SLF BUILDING.pdf,Invoice Number,0318/20,0318/20,0,100,100,100,100,100,Ezzybills,EM
SLF BUILDING.pdf,Total Amount,"1,605.00",1605.00,1,86,86,100,93,93,Ezzybills,EM
SLF BUILDING.pdf,Invoice Date,22/03/2018,2018 03 22,0,40,100,100,100,100,Ezzybills,EM
SLF BUILDING.pdf,Due date,['30 DAYS'],2018-03-22,1,11,43,43,35,35,Ezzybills,Wrong
SLF BUILDING.pdf,Invoice From,MCST PLAN NO 1334,unknown_contact,2,0,27,27,19,19,Ezzybills,Wrong
ST JOHN'S ISLAND.pdf,Invoice Number,2018-3620000002,2018-3620000002,0,100,100,100,100,100,Ezzybills,EM
ST JOHN'S ISLAND.pdf,Total Amount,"1,498.00",1498.00,1,86,86,100,93,93,Ezzybills,EM
ST JOHN'S ISLAND.pdf,Invoice Date,01.04.2018,2018 04 01,0,40,100,100,100,100,Ezzybills,EM
ST JOHN'S ISLAND.pdf,Due date,['01.05.2018'],2018 05 01,4,50,100,100,100,100,Ezzybills,Wrong
ST JOHN'S ISLAND.pdf,Invoice From,Agri-Food Veterinary Authority of Singapore,unknown_contact,28,18,20,20,7,7,Ezzybills,Wrong
SUNGEI TENGAH LODGE 514.pdf,Invoice Number,17088966,17088966,0,100,100,100,100,100,Ezzybills,EM
SUNGEI TENGAH LODGE 514.pdf,Total Amount,"1,573.67",1573.67,1,86,86,100,93,93,Ezzybills,EM
SUNGEI TENGAH LODGE 514.pdf,Invoice Date, 12 Mar 2018,2018 03 12,2,57,70,100,67,82,Ezzybills,EM
SUNGEI TENGAH LODGE 514.pdf,Due date,['26 Mar 18'],2018 02 28,3,30,57,57,42,42,Ezzybills,Wrong
SUNGEI TENGAH LODGE 514.pdf,Invoice From,RED DOT POWER PTE LTD,unknown_contact,6,0,20,20,17,17,Ezzybills,Wrong
SUNSTAR BUILDING 1.pdf,Invoice Number,SS-SING-1804,ss-sing-1804,0,50,100,100,100,100,Ezzybills,EM
SUNSTAR BUILDING 1.pdf,Total Amount,"1,461.11",1461.11,1,86,92,100,80,93,Ezzybills,EM
SUNSTAR BUILDING 1.pdf,Invoice Date,03-Apr-18,2018 04 03,1,36,44,100,53,53,Ezzybills,EM
SUNSTAR BUILDING 1.pdf,Due date,['30 days'],2018-04-03,1,11,43,43,35,35,Ezzybills,Wrong
SUNSTAR BUILDING 1.pdf,Invoice From,SUNSTAR Singapore Pte. Ltd.,unknown_contact,12,27,38,38,20,20,Ezzybills,Wrong
SUNTEC CITY.pdf,Invoice Number,MSCZ99-037962,mscz99-037962,0,69,100,100,100,100,Ezzybills,EM
SUNTEC CITY.pdf,Total Amount,1.07,1.07,0,100,100,100,100,100,Ezzybills,EM
SUNTEC CITY.pdf,Invoice Date,21/03/2018,2018 03 21,0,40,100,100,100,100,Ezzybills,EM
SUNTEC CITY.pdf,Due date,['21/03/2018'],2018 03 21,4,50,100,100,100,100,Ezzybills,EM
SUNTEC CITY.pdf,Invoice From,THE MANAGEMENT CORPORATION STRATA TITLE PLAN NO. 2197,na,51,0,100,100,7,7,Ezzybills,NA
TAMPINES COURT.pdf,Invoice Number,TAM561/2018/03,tam561/2018/03,0,79,100,100,100,100,Ezzybills,EM
TAMPINES COURT.pdf,Total Amount,"2,407.50",2407.50,1,86,86,100,93,93,Ezzybills,EM
TAMPINES COURT.pdf,Invoice Date,2018-03-01,2018 03 01,0,80,100,100,100,100,Ezzybills,EM
TAMPINES COURT.pdf,Due date,['NA'],2018 03 01,4,0,0,0,0,0,Ezzybills,Wrong
TAMPINES COURT.pdf,Invoice From,MANAGEMENT CORPORATION STRATA TITLE PLAN NO. 2644,na,47,0,100,100,8,8,Ezzybills,NA
TANGLIN MALL.pdf,Invoice Number,TM/IV/1712/285,tm/iv/1712/285,0,71,100,100,100,100,Ezzybills,EM
TANGLIN MALL.pdf,Total Amount,1.07,1.07,0,100,100,100,100,100,Ezzybills,EM
TANGLIN MALL.pdf,Invoice Date,29 Dec 2017,2017 12 29,1,57,70,100,67,82,Ezzybills,EM
TANGLIN MALL.pdf,Due date,['29 Dec 2017'],2017 12 29,5,50,70,100,67,82,Ezzybills,EM
TANGLIN MALL.pdf,Invoice From,Cuscaden Properties Pte Ltd,na,25,50,50,50,7,7,Ezzybills,NA
THE CLAREMONT.pdf,Invoice Number,CLAO01/18,cla 01/18,0,56,80,100,67,67,Ezzybills,PM
THE CLAREMONT.pdf,Total Amount,$1658.50,658.50,2,100,50,100,46,92,Ezzybills,Wrong
THE CLAREMONT.pdf,Invoice Date,02 01 2018,2018 01 02,0,63,100,100,100,100,Ezzybills,Wrong
THE CLAREMONT.pdf,Due date,['NA'],2016 03 02,4,0,0,0,0,0,Ezzybills,Wrong
THE CLAREMONT.pdf,Invoice From,The Claremont Pte Ltd,unknown_contact,6,27,33,33,28,28,Ezzybills,Wrong
THE FULLERTON BAY HOTEL.pdf,Invoice Number,PQ18213,1-feb-2018,3,36,29,29,24,24,Ezzybills,Wrong
THE FULLERTON BAY HOTEL.pdf,Total Amount,"1,926.00",1926.00,1,86,86,100,93,93,Ezzybills,EM
THE FULLERTON BAY HOTEL.pdf,Invoice Date,1-Feb-2018,2018 02 01,0,40,63,100,60,70,Ezzybills,EM
THE FULLERTON BAY HOTEL.pdf,Due date,['NA'],2020 01 03,4,0,0,0,0,0,Ezzybills,Wrong
THE FULLERTON BAY HOTEL.pdf,Invoice From,Fullerton Bay Hotel,na,17,50,50,50,10,10,Ezzybills,NA
THE FULLERTON HOTEL.pdf,Invoice Number,PT18370,1-feb-2018,3,36,29,29,24,24,Ezzybills,Wrong
THE FULLERTON HOTEL.pdf,Total Amount,"4,173.00",4173.00,1,86,86,100,80,80,Ezzybills,EM
THE FULLERTON HOTEL.pdf,Invoice Date,1-Feb-2018,2018 02 01,0,40,63,100,60,70,Ezzybills,EM
THE FULLERTON HOTEL.pdf,Due date,['NA'],2020 01 03,4,0,0,0,0,0,Ezzybills,Wrong
THE FULLERTON HOTEL.pdf,Invoice From,THE FULLERTON HOTEL ,na,18,0,50,50,10,10,Ezzybills,NA
THE SIXTH AVENUE RESIDENCES.pdf,Invoice Number,,m90371203l,10,0,0,0,0,0,Ezzybills,Wrong
THE SIXTH AVENUE RESIDENCES.pdf,Total Amount,"2,471.70",2471.70,1,86,86,100,93,93,Ezzybills,EM
THE SIXTH AVENUE RESIDENCES.pdf,Invoice Date,01/04/2018,2018 04 01,0,40,100,100,100,100,Ezzybills,Wrong
THE SIXTH AVENUE RESIDENCES.pdf,Due date,['30 days'],2020-01-03,1,11,31,31,24,24,Ezzybills,Wrong
THE SIXTH AVENUE RESIDENCES.pdf,Invoice From,THE MANAGEMENT CORPORATION S T PLAN NO. 3530,unknown_contact,29,0,33,33,21,21,Ezzybills,Wrong
THYE SHAN BUILDING.pdf,Invoice Number,20180418,20180418,0,100,100,100,100,100,Ezzybills,EM
THYE SHAN BUILDING.pdf,Total Amount,"$4,280.00",4280.00,2,86,86,100,80,80,Ezzybills,EM
THYE SHAN BUILDING.pdf,Invoice Date,16-04-18,2018 04 16,2,40,75,100,89,89,Ezzybills,EM
THYE SHAN BUILDING.pdf,Due date,['NA'],2018 04 16,4,0,0,0,0,0,Ezzybills,Wrong
THYE SHAN BUILDING.pdf,Invoice From,Thye Cheong Realty Pte Ltd,unknown_contact,11,27,33,33,24,24,Ezzybills,Wrong
